[{
		"First Name": "Vishal",
		"Last Name": "Udhani",
		"Photo/Link": "http://images.performgroup.com/di/library/GOAL/cf/3f/cristiano-ronaldo-real-madrid-bayern-munich-ucl-18042017_1iie1fj0jf7qk1gokux9i21ra0.jpg?t=-2098595301",
		"Department": "CSE",
		"Research Area": "Data Analysis",
		"Contact Detail": "+91-9235096903,msd445@gmail.com"
	},
	{
		"First Name": "Vijay",
		"Last Name": "Gupta",
		"Photo/Link": "http://static.goal.com/4321800/4321812_news.jpg",
		"Department": "ECE",
		"Research Area": "Ccntrol system",
		"Contact Detail": "+91-8894345342,aks456@gmail.com"
	},
	{
		"First Name": "Shubham",
		"Last Name": "Rajput",
		"Photo/Link": "http://p.imgci.com/db/PICTURES/CMS/128400/128483.1.jpg",
		"Department": "CSE",
		"Research Area": "Web development",
		"Contact Detail": "+91-9807534632,shubhrajj546@gmail.com"
	}
]